So_chu_ky_sac_xa_pin,Tan_suat_phanh_gap,Toc_do_trung_binh_kmh,Tang_toc_trung_binh_ms2,Dung_luong_pin_giam_%
152,5,116.69129880961187,0.7404944530233513,123.99993507756611
485,29,32.81720823727646,0.6366818710645208,288.9174895513405
398,4,95.8143060276317,1.0266315675064002,254.19398113445254
320,10,111.85720598530365,0.5922471286714677,177.14133035225802
156,17,107.16240828832488,1.6343415598387712,133.51808072983115
121,10,116.80684250431877,1.0676568940470406,102.05443852263566
238,17,98.40846705942874,2.1490696161740646,182.73401585228558
70,20,69.80688861428192,0.6484817459767729,28.079760264270703
152,24,58.07567914456174,0.9527029886829719,82.56292572716227
171,5,58.86684663943147,1.9604922941802918,129.52477491557312
264,34,95.19804053527052,1.6976165927669828,172.9632012732678
380,6,97.12533108278679,0.6289825424983351,240.87557876629717
137,2,48.03232291938414,2.254478914324401,83.36265895394337
422,13,108.13105321414778,2.254523525652359,282.39701775593073
149,43,94.34316361820228,1.1608160077515477,87.37350974244409
409,43,80.64752577090444,1.1808116866991294,257.9183823701521
201,48,72.43792140922613,2.4780567167003476,162.70649195646354
180,11,78.89095252109624,1.7523523431862764,177.8136484275258
199,47,44.332116445133806,1.5626330411361182,145.12461145575386
358,23,48.333112434864674,2.1763043671038487,262.09849494919627
307,16,38.20480413655725,1.0705806767146329,234.55510481871468
393,31,43.82922343450014,1.3583651867927138,291.4563521468583
463,11,70.83242711447545,1.0355533509766683,303.3860291737632
343,16,77.73189543554305,2.078321693177463,297.28589718951355
435,8,31.607570323048744,1.646698691270436,284.24339804037714
241,4,101.71180450776248,1.817650140280141,193.7191236722144
493,40,56.47511760091301,1.004614499678813,367.8797258253169
326,4,112.06524314639199,0.9404506027546302,175.4970384234182
210,25,117.07601372523999,1.4767492579658774,144.6622456417727
363,3,46.69129872089889,1.9751314981856536,258.5321750653193
71,32,71.58875616890946,1.5504795150403203,60.55149812692606
302,3,30.11086516497833,0.5652913550913372,222.2764232915065
285,27,83.84945386101842,2.2371030126405778,229.23421403188223
394,29,84.6575803436404,0.6293737870302631,282.7388867784101
98,32,52.278596004303765,2.4116489674415043,85.17303928912558
108,19,80.25714053248782,0.5502839165545454,80.19173361928061
219,21,50.29861281993619,1.8889009122614175,127.48936598396666
237,5,44.4742922170371,0.6644141274235633,169.6289785583132
320,18,88.63675201220383,2.321353158870279,252.8206005861458
239,28,59.333291755686744,1.4288664724510856,206.40175938566784
495,42,83.12375449970602,0.7750475496340308,371.01440982879313
224,22,68.992207407449,1.1816313995796932,202.53920171883038
495,21,118.59162666626135,0.8296493506935241,367.13700622311717
100,6,43.46225784008092,0.84116382311418,98.73156573322485
413,1,71.81387369722292,2.3962166403428844,321.0322389952719
104,5,91.24109637233927,1.3904922245695763,71.23106320333336
293,41,65.59905754919718,2.077604527810719,234.36393608088045
369,12,117.72298666836208,1.7792111223553637,237.25576296030846
180,26,94.96988651342416,1.8528527246767845,143.93550723837095
356,46,89.12854718080438,0.763386876944077,275.60537150294095
184,34,98.1353340850101,0.9683688936309713,168.68803876991194
70,49,115.73837742348454,2.073500670308874,84.41337302412886
378,14,111.7036787686176,2.4415324129495657,303.6306860591197
216,26,95.18567773137707,1.0253512851973035,155.629141547036
323,45,97.42454751911548,1.0431375295020797,225.16158961232946
437,27,43.132986663163095,1.4457942656218097,302.5819763098707
138,9,39.25131640433991,2.4676806257108757,107.57446176496144
365,26,81.3814051659748,1.0379178916529421,207.95855568361375
63,47,31.6530873246486,1.3139438192685278,90.40106066903246
291,22,73.41207433964324,2.2829600312470135,211.00095251341372
314,47,48.93146219269818,0.505842065242724,214.5218177428434
395,30,61.141491088035565,0.5795319299771391,206.6945648327368
102,43,99.82242622136604,1.7081433541424385,79.67212329342692
435,48,114.71137538091479,2.314760329425694,309.1970113332444
389,17,36.517464493170735,0.9777133208038553,248.96336597134103
141,26,78.08179853788006,1.439283549361418,85.0846487505517
416,36,109.428013723764,1.4009306033156366,299.5423478829991
493,1,37.425768099637914,1.4459426921910203,329.49649175196095
477,8,104.20626422071504,1.7450393914594904,357.1539071659593
313,49,62.202121583544425,1.4394875259813675,204.7185727961558
480,35,58.98852319974018,1.3949362826449156,347.1574258597426
84,15,117.97197476833072,1.448576840862521,101.67238864479475
255,47,48.07731808760647,1.681734882542083,184.59007677163086
130,22,92.3874546740413,1.5740149767027167,108.57738720132957
469,14,103.92966552088798,2.2082719953010086,343.7864384978273
99,26,33.70651457513445,0.5989937069873332,73.85518240262405
409,28,90.3346912518971,2.166634142946025,291.71485201143685
437,23,115.63949769197943,2.187849225223448,296.9501407023628
51,14,41.179797005525344,1.0698160430619217,43.74284936916395
439,24,110.65991724165345,1.4257039100317013,306.8062557924001
103,2,83.52989736392425,1.377076977074871,122.92805376409117
155,45,85.49441236762266,0.9370196687082606,141.6558693751139
309,26,85.16497573790454,1.293593694172633,179.63905159495346
359,14,56.89522977035824,0.5887755443417089,213.65946031919265
240,7,114.16816337695137,1.0556441455634689,170.5473943049448
451,3,115.26154163679348,2.133364350901436,310.0105809761924
267,47,86.2774194192553,1.069124603525795,190.47150965448128
93,23,100.50804533474532,2.136413337496495,92.06706675318148
211,46,85.10321872930422,1.5631989292088617,166.10539784924634
251,43,73.59586028166365,2.25972535472232,192.96165619556393
495,47,89.47381064693256,1.6495591085288304,399.14200845263485
319,45,79.77013073327626,0.5593364461294796,190.14972673377787
400,18,83.7728276368737,1.8508404150941784,289.1993484270654
353,38,100.54492980769757,0.5897071360471373,238.5851554087696
320,35,73.28134483040864,1.401194037966268,274.2972005185993
264,15,33.66786954832255,2.358853388946228,121.8207879721631
301,25,44.75995328905475,0.8304078786757003,150.51507048699648
239,37,69.47464948405846,1.2797447058830882,183.67680859993857
345,28,95.23439038866525,1.9597206176969568,282.9486023300425
262,10,83.39507834791608,2.2645171121896954,211.88060941251675
257,39,88.52647672861085,1.8418860094850158,164.28899433737354
286,17,73.13510357186586,1.0163465083823384,250.80022416405978
387,39,85.41678197480185,1.8492157058324323,242.21923742620544
416,22,59.6115694033196,1.09345528220818,335.65977692057675
102,26,72.31643334269987,1.9368584596374705,44.73581707937255
329,44,96.985115903546,2.4080662551700813,229.11493393781913
459,25,108.4649501075809,1.9427869022125765,348.49847298619716
266,17,69.028980056075,2.2257610058248245,147.47650212621002
301,13,33.92954919366251,0.5042076863517668,257.79238977022374
237,20,44.55052897321224,1.9351442494631887,159.48596871909433
429,25,31.877502536238428,2.159175113730501,308.62011795284707
90,4,88.79367173135971,0.5811174750893628,102.73476313154501
206,10,59.9083162819598,2.243195454576461,124.5138152318123
64,3,78.82307721474308,1.0133884566200917,80.91623387122982
350,41,74.39491621054196,1.8305842039561104,302.127282147496
114,45,37.3373840597184,2.100709758046813,66.60453477100089
394,18,66.29352250114486,1.825329026118711,322.087572754252
376,47,49.85050124300909,0.6845695841465145,217.60939571410967
58,36,67.65598098008874,1.6926430377207367,59.35544304472748
393,47,48.32204523080184,1.5991673134442872,245.43810515609803
178,22,105.64071656492402,2.300642536148543,160.47412441113931
185,34,45.677400292042826,1.3084794592884184,161.06297544023266
112,47,116.47024963382792,1.1421621941741003,151.3020204591374
188,8,67.43166295322467,1.9997015288729325,178.51005771267987
130,40,106.16207628171443,1.3253506521667933,95.40123541865042
441,49,86.58883363853505,1.792192350010126,285.56662668046204
212,44,96.18152687991774,1.792900180249214,174.66933374309002
468,19,99.09514992601022,2.2760781287202354,332.7466190911717
338,42,75.4360393703716,1.6973848046381947,291.1913225466216
428,41,78.89704710269595,1.5043072199239738,242.72864241365764
310,37,76.25962810278526,0.777742652793034,290.19357131643767
280,6,82.92525402810713,0.7314752133574107,216.74255469042734
90,26,32.64550011808566,0.8086431305661588,42.882343510821414
77,34,65.59636528641137,0.843696962654189,82.64167993501025
184,45,84.55698422050544,1.7757541853272678,176.53927955898274
250,6,83.7951208730278,1.981962500549157,183.3192609077895
377,37,101.36604851450684,1.5599830458528374,219.79869005367266
317,33,88.95084049488977,2.158035465090982,220.94003270758583
467,22,119.29199847066052,2.4825264534672664,366.3705778374705
82,21,55.54690757477805,2.140025258238712,77.28428866847207
97,6,62.32359266996083,1.8897647473519184,67.01545694580444
456,6,64.54624366810167,1.5649853988742932,362.3550363800919
111,48,71.92315263182238,1.3977061433494165,108.34521816372747
265,4,105.23982574030885,0.6687847610890847,215.6856052032202
342,30,51.22128845632889,1.2987374967893819,232.70696053823187
148,11,99.84001863318865,2.3202692735642687,94.58650394295468
221,30,66.4779164777169,2.116045259813106,110.13090646638585
409,31,84.16698452958076,0.9321027300233744,285.87320168486247
263,24,86.92864799036755,1.4332155693944317,218.97985479193196
84,9,63.5563773470041,2.1334464051170894,56.861692277138445
498,3,76.13536846852247,0.634769109571045,366.1046722747748
276,31,67.17280571829272,1.2747851713373186,233.0583602440799
150,40,36.22195075679575,2.2036824737478953,122.10627141548613
480,37,69.3448849935144,1.3077957283402475,357.3480768889168
180,36,38.7654053298197,0.6552292894628817,90.83635786983749
306,24,66.45187191722894,1.585068737064503,210.32490350965534
54,31,83.36265598486037,2.2234849898365905,96.9781022436327
267,6,82.14734094091507,1.6805710859063194,194.80531103422385
304,2,89.63591511074884,0.9525582164284636,274.4315691262561
447,20,38.573535715916364,1.2684792402747627,295.1986318286411
408,28,88.69109209773941,1.4002467223638644,299.9229905050413
332,11,58.09332510268024,1.6585327076410536,225.00723976395997
442,4,65.91413515234,2.018702051505226,330.9561824139288
256,15,107.21876285304351,0.6977472352812708,212.94608554621988
64,6,30.812736371659522,2.2793040660351327,65.12858489291175
395,49,82.95713700065448,0.5246194060321512,316.82965213277515
91,30,83.88425820900969,1.2401046693485105,70.5610284882481
429,38,65.69937987092058,0.5548406199453153,301.696859994633
228,2,51.332507139750255,1.2859484506905825,109.68513256124288
112,15,51.1206634435396,1.5516251977466475,101.68714248700125
401,11,109.53387026946773,1.5233627731630235,292.51838441933626
280,8,69.78219364045718,0.8312566940565307,198.29323038984973
290,26,59.78004266902548,1.7914810201912246,202.95405402083045
101,45,70.38998164482626,0.5895569010093364,77.64259008697806
145,44,90.24513613134252,2.023813640264831,103.42636354364285
437,5,43.11809114202765,2.3932888679870925,292.8345538436016
271,6,70.4490451692364,1.1795376543022358,201.06909556290196
456,26,82.90959339993483,1.5344787634286639,340.54697717615676
280,4,115.37250193662904,1.2578205561176288,179.1144786930519
286,19,52.72750038678773,0.5134207806081199,192.73997898274808
192,20,62.3325673124621,1.2717490057902319,133.44156327796654
220,33,64.14227309301813,2.0834405185226927,160.7556849018806
78,20,84.49843418803945,1.6919776843669636,57.063956506047305
85,49,62.10588477360015,0.7025198292303179,87.33205621983332
62,12,78.0160732769726,2.19427897938757,-0.96049285829627
209,47,100.36112968605265,1.5621706897704857,111.84504906858763
376,1,93.48470347009832,2.183446723489352,273.89048948728674
236,26,70.1731781861327,1.6604430375700587,153.31110562635146
292,14,107.7794559906752,1.6193768896758798,237.7972108172319
135,38,80.23262246344765,0.7105183703940248,137.44118561934857
333,37,78.59152555519913,0.8347194662772559,247.78372754376113
115,11,33.07689893452424,2.444050512993182,51.216799984150484
219,36,118.80236823214454,0.9569734935095415,194.52577257309443
94,13,41.067372767666406,2.454904235980736,75.24319371469218
111,43,50.80178211848819,1.5638254130485267,40.01020120076329
490,3,34.65271535173743,0.7715780941278743,303.1156252303378
183,33,87.60026701532223,0.6986044055073859,181.32334726230084
333,6,50.2231059275412,0.91772814141148,276.7911191012845
77,10,46.200939372545115,2.3512746600506715,-18.18668356125756
157,5,37.97000258009172,1.3283004486564536,71.6311882937011
93,23,39.29780614116141,1.2908685359858287,103.65509860250701
389,10,82.620363039833,1.126412522140348,276.93256112630723
335,44,91.93870792799359,0.7941237011331768,264.59212014621914
495,2,65.7641089617961,1.4757023943848129,348.2034081848661
380,13,73.1907373432866,0.7600955650222774,290.6323163475515
177,40,91.73709623846857,2.170960472764655,132.77040923552465
397,2,31.564181116693167,1.240793972550613,266.61200105175317
280,20,59.08175913632507,1.2496071355635927,232.7788832110387
239,1,117.57879732633118,1.4480128569663118,179.41297898993423
274,37,82.21010067259212,1.3882554263315032,219.25157929225313
434,9,52.880212190774394,2.4897159461186433,312.1919341556676
426,17,76.95570419725918,1.590762242436605,289.23661651549037
332,9,60.83881393088238,0.6764034075797414,284.62744020763887
495,11,77.90204899436692,1.71375468315386,362.22983782660606
170,15,41.316736062598395,0.8031685857397599,111.95453590125236
165,24,41.94431884373496,0.561875289462684,158.37519381622135
282,38,42.91881258354536,2.4414843073544965,163.84330162817625
308,35,114.58378127341575,2.0470777830691276,292.0200524767038
408,30,95.96090265072077,2.460217984827534,288.14656330187455
247,31,44.61437051960888,1.4557568960444849,140.26308014928136
460,49,46.95141753890413,1.5645150622979522,386.50403708378707
186,5,95.77465273837888,0.8366739118382605,121.63553794032711
367,44,44.05474603129565,0.9938148533351712,270.84976513990034
214,14,51.11051640013458,2.1770984298056564,175.3951029846809
274,11,116.70121495383592,1.2123712942351883,234.32085514220788
356,9,52.977587225558864,2.153629947592838,261.8497977703045
283,34,89.5469115334032,1.9180274485740636,186.65378469919773
221,12,118.07681586604774,0.854341850543731,168.41633358584932
201,35,63.68670904258134,1.5148927322394843,134.8806137287894
364,35,31.576439177585602,1.8547746430374337,267.4419109819668
423,1,51.97325613801368,0.9700744296076502,347.69165290108674
209,40,104.7789472207535,2.1613770210401535,178.32477196140346
145,22,107.8147952359533,1.5896553150903736,115.36961567050236
282,29,99.1667428071412,0.8304841008852064,227.4545863235915
229,8,40.179883716891574,1.6659688523292049,187.4947121857366
162,11,101.59593345267628,2.4994276083118283,87.36854496398763
367,41,112.68100172941539,0.8010429833268271,267.92578357210806
491,37,84.05485882916125,2.133513860239056,428.58524841444546
101,14,114.67878207042584,0.9146180063751159,114.26429955479604
317,30,104.41549953406897,2.0647766589201746,215.1209470348134
344,35,90.02743652918166,1.9691558462428265,230.80359273524255
435,21,81.94667130405733,1.1009787712008647,291.65661080849486
436,37,61.371630051777345,1.1516462351288996,338.015762322207
162,5,44.33587007185246,2.0850427839258385,164.45027327627542
150,19,84.44585304214868,1.4228910237746253,128.65844853769792
162,14,58.63003982563075,1.9616360574236176,122.54445429021725
489,26,107.97948007748809,0.7959682947316695,337.01411168962784
130,4,119.40032436227656,2.205115563803107,107.36146636380978
236,25,97.71849863540153,1.9217694333646382,148.07836180055202
162,45,38.14335257583457,2.313885617669668,61.84989549333805
51,42,55.98170359775743,0.7647447580699449,91.84209312116484
179,25,39.81986685891748,1.6860290007211953,99.70091468211866
269,18,88.54604830125442,1.6982411700806503,184.86724326348718
103,40,98.86717781002062,1.206921481093565,100.79442848343443
392,8,113.31073477926407,1.4169328491385156,323.97038946180174
273,39,69.4355111770789,0.5759631265797069,206.21449328774156
274,40,111.12380846295999,1.991720077254024,165.64444679718582
434,14,109.01020431371948,1.598644958806348,301.6900489728797
452,32,58.54761450888587,0.6154821037383476,302.2035926798788
175,38,108.2010562986514,1.861511785920971,130.65679758008898
179,33,63.81050266935539,1.4335641544623758,168.82173747927993
102,23,56.71823471042527,0.56892251885,0.4426999793672195
221,15,88.41671929149538,2.4392154536961907,148.40110183643483
267,33,59.5543105096573,2.398224286178881,178.77613764818125
209,25,86.71878734962297,1.5258048322943951,115.50938926222668
247,17,84.8848624948825,0.6873448414118204,196.44333267930318
465,33,80.7095034613613,2.0092424431971834,290.4866611389465
296,47,64.2377733809518,1.483862200211458,176.1892534001684
373,2,79.3649749486329,1.1048949565787598,290.85556991587896
488,14,83.68369274868795,1.4828363550571135,392.2754675240672
252,40,79.1118199645926,1.544888290810929,182.1499323544114
233,40,69.99775074760814,1.6254233980446784,134.15927513760465
172,39,31.320035134163742,1.382447427310653,104.76850137472623
450,6,82.83555369310358,1.7115106062781134,350.06741163232044
304,6,45.15999466284477,2.337469421212755,219.26802042410466
343,3,87.83183720524707,1.2245361741971823,241.82165536251455
329,7,98.34098951305793,1.9514329264398982,245.40611241936926
374,8,75.04007782176673,2.2889051136484646,265.33665084100755
421,42,78.81272984817645,1.4119585515198738,349.2826033497613
147,15,115.6330703699392,1.3869116727638082,87.77670116132713
247,47,106.24506252353167,1.704233970709559,157.07869131965563
444,29,112.2812864356323,1.6828135188449762,277.8945994556641
289,33,103.23896594876278,2.1131786846525538,194.66797815990003
193,30,39.80265076620583,1.4529667675565854,107.40351663670347
146,39,43.40926703731752,2.492245899278882,114.93734090641152
250,27,77.39614175420635,0.6189431377345616,182.22917521035131
173,36,52.14626929181984,0.5063356971614035,94.96036524740975
236,29,72.90259275370433,1.7803966231192476,189.50833023968033
375,38,65.49287914365152,1.0968698247237534,315.133873462315
398,33,79.4472814587408,0.9807647773989676,296.65655277193764
308,37,97.21881445222404,1.123798160008561,147.9121851419474
197,27,94.3941816389347,1.0120951302099086,204.98424295856037
301,33,76.91107192368008,0.5615800993208957,240.28133667328183
492,4,104.01540769353522,2.4430660847811776,408.81547128456936
469,22,68.777588238423,0.9414909769055635,366.70766154526143
452,2,110.70428608561102,1.9680595251786126,360.9490798466562
395,10,36.41522430496475,2.025192789388351,285.5800276627502
196,5,115.91940270299767,2.3585147960144583,135.74501550925558
197,10,88.92237732882134,0.56109891418676,154.5786094441152
401,33,64.20670580434847,2.2440966768940154,266.05898771666597
248,38,47.74387139155896,1.5544523616796004,192.8813417146689
357,13,73.126490649924,1.7650882199316558,176.14099122297142
466,31,47.51024908667709,1.7889405542420673,333.0529268384783
473,47,44.969844696882795,2.1395956099694553,378.4957556184066
177,36,85.56165816716768,1.166814644318221,134.66568100844324
88,45,77.07762521236063,1.9661023797199868,121.87666852053367
387,24,90.30864311498476,1.5571562194443942,269.9809283312632
409,15,113.66452896797902,2.0867880286106955,323.6670932394643
178,29,77.90341920051361,2.481092065540267,105.1711233531017
316,8,82.2838847936518,0.9013020348075225,255.01795792808431
490,5,38.06637052394479,2.4892972831199955,352.5056306371877
483,29,94.58722073177665,0.679624308565548,339.17082737673525
200,47,65.99146861237406,0.5046350958096277,70.80834173347655
464,4,117.9052714796321,0.5883238723556625,323.49337649343283
347,12,104.08566140360942,1.1835648094735234,255.76705188904842
148,45,77.02329364645064,1.7658126613568683,136.9007383719879
312,2,41.09003887549494,0.6380590817756993,267.5148988708355
301,27,107.34742139525302,0.5113316290591345,279.8439186921929
193,31,101.98029858816194,2.3741820569175895,180.8057443259435
395,36,46.61266165833297,2.143853271879859,265.6751159873848
161,36,56.5750460298279,2.118366342278062,110.09054793307311
109,26,101.40665323330536,2.268848551003954,106.25123922052595
418,43,46.670560189266865,1.9000685455442088,314.9169652321746
51,27,112.59772402542396,0.7088082594961629,92.91570539598686
434,5,68.20746826767257,1.298200376147446,382.1569659934883
353,20,37.833506632889275,1.946298972929259,319.1043961332376
303,11,103.41737791538527,1.0606689215830418,263.24204833579876
189,10,63.61587147345489,1.8748127282724751,152.41161367837327
86,40,77.38492747384029,0.5489968965353047,108.5764481068941
209,38,40.10739099700972,1.1122746817591864,202.00421369579033
58,6,30.232561336048416,1.5982606725543453,38.37252918277959
282,8,87.4186685213968,1.7641796590124845,186.67931323375765
148,23,76.36576533003584,1.6540813289238216,86.77836233079773
196,47,83.41847122108325,1.895512552146859,119.87415718530238
353,26,101.43694653424647,0.5121774964796781,213.33759652374056
257,46,88.19453220805741,0.701882399955043,196.44187200393242
180,43,45.729609854463945,2.23788850455829,102.70579088530715
453,12,62.46952671995398,1.8634972881803225,298.0109856763452
201,26,111.53019943089843,0.7258632853720226,169.95046991111533
103,13,99.29502302265111,2.1841488747971587,83.92223058247771
169,40,80.09733521430455,0.9844624356491338,139.2428381015079
210,18,53.008049802834506,1.456519768390447,192.4776913353237
457,25,57.185445165131554,0.7903930257693206,351.2346891657689
165,33,95.8762260827071,1.9202201128434133,169.25641975335742
124,47,106.60568347674938,1.8337088420285357,99.32126445928101
162,40,90.4282202577553,0.9222249423322724,170.32123999937625
469,43,102.85769781915975,2.2268015337140037,348.6463278983674
471,12,98.99905216803654,1.3026120484394244,340.97627104367984
153,44,43.473357116126195,1.0850301821414836,157.5737055532085
389,36,68.15503316219718,0.8046591789290709,253.18337424125744
303,48,43.76854207457064,1.032336025031075,279.8480609312544
276,4,51.171202632178634,0.544053842447634,187.72276222261274
161,5,108.23336621859472,1.6665149849122312,82.1517549136957
148,37,72.56027690698639,2.1844614926878956,130.64229548165957
202,8,78.18222916583949,1.5979608988832836,134.86936419968833
398,42,46.06013687049949,0.9385479238477514,345.9241469970549
451,49,58.104460744391645,0.5673383564277454,310.5465653914865
433,28,50.72215515850829,0.9292561465176057,317.91603808581016
415,31,48.556754806658375,1.3322428561421846,253.32665041879696
387,9,87.41647139843731,2.019222857399593,300.65921205971597
243,29,53.119546288114336,0.8756857050755482,152.37805932389233
359,14,86.88139374183766,1.9395829067093722,277.94078954240535
212,40,35.26091526976985,2.2338669367037673,141.4243819191478
257,41,42.75969541743917,1.4078936962167141,124.80033885399875
494,22,54.70862286001129,2.142863983285187,354.77827705248126
218,11,83.73422252061225,1.6093146960701912,160.56003237318717
210,23,90.82571205786384,1.77418167416181,180.3621418952797
117,1,69.84452701015744,1.5525569206764054,132.24987135171781
338,46,70.1211823119506,1.4263454335026835,302.1496586847766
447,37,95.20651662587562,0.9693068835516987,347.3334175795979
326,21,31.42389825890242,1.106388118922092,240.28509008086877
353,26,60.69810220267985,1.079940237887218,209.96889443656437
453,46,103.68363514073094,1.6265778619076294,333.02613875983207
433,36,84.28974691920351,0.7399073860477798,317.39968781343055
441,23,60.35044194798783,2.3335833814046705,308.17499347678876
184,1,111.49723130967065,1.9413102905662265,153.56095659803609
244,40,99.53604547044444,1.3028912618263873,213.49911816607755
450,15,53.84059025130601,0.8172482890527559,294.68077401115744
177,21,88.07608537731451,2.2639843394432715,105.49747285985386
82,47,83.6175655370061,2.14755618020233,62.20949573256155
225,9,66.10691226350843,1.9434431054343586,143.34564204720948
492,9,63.02604712843206,1.0430940948224847,299.2658609903667
420,10,60.92044272981336,1.3048932748673379,268.21348471054546
424,26,85.54402050560822,0.7054965049048467,266.74284143940247
71,41,69.81689428326025,0.8780790494550634,93.58826390718036
287,35,104.86768019262799,2.0660332746334658,260.8314958536414
207,25,90.26423545205657,1.9300774377013676,119.14671192565027
87,26,36.29384451384907,1.6869715259518694,81.7812461961034
279,11,87.61514014453495,2.2914534518523455,227.10082241391189
414,38,54.403269285016634,1.6665330356260908,251.6354265162362
100,2,83.35307924880804,1.4339359999272214,79.26871917780674
487,7,91.21187379931062,1.1807414926115254,422.22511572499184
313,18,50.774627023861086,2.380897011472345,243.87218219249561
332,27,71.11727803923318,0.665430923048707,231.33011920813814
76,34,47.1292376537161,2.361774744121617,42.26895486334561
275,27,34.710498820785745,2.1534293198620365,136.36934886540553
326,17,64.06287811372822,0.7598598490714026,247.25534658164193
335,43,62.66498446613928,1.6299687153505071,300.44925127670393
146,44,119.59324416338313,2.2330959634981737,88.28500437440644
333,24,70.17171160778778,1.6436183272143075,181.02322611123827
416,25,60.021259452498036,2.3143996431212446,276.8900575141842
497,7,82.24275060450071,2.385967633632085,379.2794282912529
366,6,37.98906546969916,1.3447690443686118,245.9116915810408
353,24,116.54991623593318,1.2546273228126472,230.77618439054467
196,33,87.14640410319299,2.372642307938314,145.55059977229232
53,49,97.9354037946763,1.8502801222993361,53.880306610884425
84,29,45.34301443565258,0.7320453626963386,22.352048766766607
241,43,66.85300677046834,0.5845834984453624,169.853368605341
98,22,68.04202020565705,1.6292581019945263,59.36553549771242
66,26,103.96257995109781,2.3603419308768494,34.88901561665625
221,28,30.11130117834685,2.1884974048116366,128.6038898474145
269,21,57.076779751792955,1.8516954929286729,221.58415940608
207,49,118.31127369098735,0.778231697782175,136.42286740549764
95,7,72.73978891555967,1.0084627674973912,11.039054009754295
422,17,64.42736522196074,2.2510224531052323,308.3628540430163
55,20,40.78461018158817,0.8656144733138009,64.33849541294063
148,41,117.6748165765214,1.0568788165008691,89.75610281317476
429,49,31.802372033324204,0.7592013023908839,290.03819797326673
282,20,96.34622025065188,1.8522164628288222,184.83831022282283
86,22,99.17398243096576,2.387964610726419,57.07849650918129
329,28,51.929104445747996,1.037936063190772,268.9538574911416
398,40,90.44025992517336,1.4508132157001474,283.772778485873
351,49,38.36362299414509,1.7686794794224086,277.79442149369453
230,7,53.13425397888719,2.4989324964312614,135.41671037736333
144,1,100.91117894630385,0.7096161299951442,94.47032716638543
148,32,107.82175728301863,1.4971415990114183,140.88635941952072
237,13,84.76377713938122,1.2702402398050001,147.3335389161715
165,30,75.61545886384343,2.2316403304447103,152.7564487869703
240,23,44.337361855708224,1.4519354620233118,153.73794213603244
302,19,35.67981297712352,0.7219550491702962,205.4702129495621
465,32,40.58841256262028,1.7688482905731673,380.9227406631274
210,30,50.46215700864889,2.04156123652776,139.55061659727187
305,29,60.750705170722874,0.5057625033312292,223.82319746622173
372,49,64.28185729598886,2.2179133708412593,287.11808120899354
177,45,61.16895917301032,0.8720460000113313,138.2973097488114
67,29,51.5149798977539,1.6041387293067557,60.10755639804033
330,30,75.87518220765284,1.3315950013749003,236.16414654099933
272,16,104.27574974096072,1.9393076332210608,158.24357659821936
103,40,55.17331846243313,1.2423232295714837,89.36946198759297
107,19,114.81483171920098,2.2395263533634218,60.678664193278586
372,18,108.60029955514631,1.9609927219175805,291.0010811359485
409,1,44.558779021689865,1.795426342125843,329.8795529866813
223,14,100.76483610813851,2.0924811911257084,108.47614802245273
329,47,81.71286440859899,2.0080460698567646,280.4002803467359
163,2,80.99178259542768,0.5718773498431067,106.04644924125223
337,28,65.1938486752357,1.2894687076896563,238.09568920361207
480,49,75.10376992638088,2.3616145946329796,317.401645650679
391,30,65.746089968629,0.7514485379844524,285.67890879731897
200,38,78.57593568839485,1.9741931008641025,149.8319529347851
499,4,86.51550474953723,2.4491836226706596,386.45591917739586
176,1,90.68734257681436,0.6043972580899433,105.62278869283749
204,8,77.92330733034836,1.864387761253221,197.41345681271733
435,29,94.92798605958585,1.4363082826020608,332.15963730637606
322,39,42.715024434795524,1.6583505107494443,234.2477380505395
153,3,49.07842418120147,0.6706826729686497,104.46392442584376
466,32,103.68615036668432,0.586013903733879,325.4165247995054
442,10,59.02751800617737,1.8337333211018434,306.20274933416874
348,10,32.060444247850825,2.1466188596414355,251.3624118634388
295,19,43.8412034701228,2.0640306698659345,204.42526288618748
225,46,50.12529910466802,1.5876114557324748,145.4697618327954
88,34,116.15905991051285,0.6997336422723563,76.07671852274032
219,33,81.57372860377643,1.8760888876720276,135.6838473128108
296,23,113.94576664286294,0.9837777671082919,224.920484250551
75,28,81.76470154469624,2.322137405534767,52.8123308830893
404,32,73.14189961240666,2.17653071909141,310.66784879353014
355,7,58.235492207468646,1.9187659341747818,281.87993922794647
458,29,84.57338499900379,2.397691911662261,357.50897065587543
457,8,42.527822215577686,0.5628436430225459,332.39768497450876
62,1,110.84354645634353,1.972400850121524,62.18573398832861
365,3,104.63991646271553,1.1604855586728107,251.4074893175164
440,24,58.57783030890633,2.3121317713727305,333.7736887585144
362,23,115.75177748411649,1.0333503933239552,285.2542972137237
85,8,104.26806906740113,1.949712998630034,18.59101449756571
222,47,89.96761972515358,2.255294039301563,176.06156155644064
69,37,40.95857200127473,0.5833136367653649,95.12098851316802
370,3,73.0410620743265,1.2952951591840722,252.328109023532
313,33,75.54967993620758,2.024618064043877,209.0423056159962
449,28,50.92962225288421,1.4098377790151742,307.12106916900535
191,47,37.196885492337174,1.0345052595871906,95.16528975272237
420,8,99.90512674245234,0.93961069764638,303.62175550547227
192,34,40.98315469119555,0.7630365338327558,140.78627276416893
141,35,83.48616755055973,2.2142591197125645,112.39582631983264
403,32,114.28042564952945,1.650710806503112,303.5758554593357
371,24,108.84946733382382,0.652769889982912,243.63530979574605
337,14,54.997736137433506,1.2651606471412709,248.30912080989003
264,32,106.63037737961388,1.2354673016102198,206.68925203153304
496,46,30.029925550844048,0.863478381418926,338.69291827210225
391,43,31.59190286519315,1.3710152509443814,292.25168585336604
100,16,84.22978474585784,1.164198730786273,78.29089796543444
202,4,62.831839723007654,1.183607410984365,126.0650792733982
235,37,64.78147570432324,1.9780531155759173,180.02163733550526
112,21,80.79969816109943,0.9465267710103926,75.8659889460089
239,14,47.26042100326745,1.7837199177107108,192.06416526648053
174,31,49.05798155989305,1.6412992477618698,120.25997263831161
199,48,73.61414283169782,1.6361850246757346,109.16954893986687
363,18,97.88281899094767,1.8260146922835518,268.89505124999107
107,7,85.75479762668289,1.596764072391308,86.84967551989673
391,10,56.7619543413155,2.258510229692769,245.21690984462055
354,7,68.7303459758029,1.8511601839005196,274.54515877104427
229,33,45.35982826949986,1.5939265027427763,186.8943128226765
219,23,36.71668329033736,2.15952624057529,131.44440470229836
375,21,100.44264366697342,1.7122931298669595,249.91895780804472
320,19,53.88486682693751,1.082288495570358,224.38812937523957
103,48,45.99897490661234,0.9141898363531424,56.480094306019126
493,19,92.24562500123874,0.8046555713253576,370.8644295759785
150,36,85.62465068584675,2.2989104250922034,117.46533653536325
313,29,86.98706634121177,1.9202708635961316,193.6386524835933
102,18,50.600514436195226,2.3747568763286413,51.17463618014749
109,2,50.93809847064129,1.706583611429886,114.7638094190956
157,1,49.87223668070752,1.446801762989825,158.6328232596473
54,47,45.63773360960651,0.6194329779417787,60.97472761095267
152,5,89.01513053054907,1.8432845630920596,105.10466310017263
245,20,106.32142967244613,1.6644175195364623,165.7004049874018
311,11,95.18857227089951,2.480417787175243,240.17443205223387
414,42,101.28842703844889,0.9783175555644861,301.39095325748514
421,2,66.43185861766798,1.5614747105736717,249.99752324398077
399,3,88.86682158347983,1.8019146702361453,315.0894762887307
96,23,61.881261640029706,1.7891823494846872,113.05762022036177
404,12,77.2954159771776,1.6225870858968054,310.0634761414496
360,20,73.34713618813761,2.053856020654451,225.02171377159334
473,5,45.919843062946896,0.9099624190536328,314.83669678239977
357,37,64.83708843020678,1.9512544005488317,201.2078213008064
193,38,116.74400479341159,1.7394691428661784,192.70562843868055
318,30,52.372223194344784,2.2921502235891467,217.63106177312585
419,9,42.042336265153985,2.1943888780671634,366.4105159066545
173,34,67.67225594615417,1.1302940782651065,186.5970284284543
155,44,101.13039622741333,1.0524746499503062,90.90635105279986
207,35,82.3933406801975,2.4633066477048957,131.39480018430467
196,22,91.287734451442,1.554530361830513,158.0278235110772
194,44,47.07253633572095,2.312841927828874,90.03300579718939
169,24,85.70533737069493,0.8277620475609644,111.87888144955595
368,17,59.115035542032636,1.7856378296003486,246.20026363237974
324,10,105.08730293592907,2.1197203747211724,288.69532942393374
141,30,86.63689254096626,2.3947904991728937,110.98212071714062
107,46,47.89706499977663,1.174680282034047,73.41057793797464
488,23,35.815501185967754,1.949962339848105,326.8437311957317
395,32,33.83698883583295,1.577626018079238,308.29221866243944
278,17,63.426771088512666,0.6212578521329364,184.60107672912002
166,17,53.92660229888821,1.8799994746178867,119.1818408578003
367,14,88.14811111162572,1.8801931164756869,243.62770953724615
328,9,74.94004514807565,2.361213609693074,188.8389489774266
176,40,53.941735020484266,1.4946248923379448,100.09076416456118
442,2,43.43140001551585,0.9605018414210293,296.760443871906
445,45,41.44797864187046,0.5891276468973583,310.20421040652946
178,25,107.81943529263759,1.3312843733718114,125.97481820559524
107,39,51.91301715643805,1.1038334001550036,78.78325151226679
171,9,88.65395831198714,2.022176612047751,110.47317784167147
50,22,102.96173351876396,1.2085355296820932,82.8823038974745
288,43,85.26731800662625,2.398142392629688,238.72279661567225
339,46,107.36087084822512,2.4246204059755687,243.33599654698486
145,4,65.31543493756271,1.7418171804354161,112.8806109981298
175,26,116.05999715840535,2.3573205740297656,119.85821864303307
167,29,41.98305037602873,2.0217086890289915,36.69567919169961
97,45,39.19345766917843,1.5937192819502524,75.05414923533716
138,34,89.28229315866992,0.8606158708455562,113.67557628901224
286,23,114.85480272719356,1.41719588702768,159.93374718950423
422,37,102.79951154726953,1.6217489267252352,319.3033950995378
434,11,36.87751734942463,2.22792316147002,298.43797168720045
321,6,55.14309425412448,1.4626667530713298,238.26829966939962
238,18,113.72869963540413,2.2953493453559135,166.68924302793545
241,21,52.77525895207061,1.8486979580469378,211.05983207231134
496,42,100.30533814082273,0.7739981261073428,363.24083143086904
118,36,104.26189763358335,2.4899627386501857,121.61008677877189
327,41,74.59068931148836,1.5544653215078252,269.34904199689817
398,38,64.7714018863484,1.2837165928181578,252.11608414130598
296,34,70.51119891777836,1.818227528939053,192.0459652217014
125,17,50.42682249288278,0.7177866279620781,105.30555093782993
203,37,110.04518245159598,1.7730772935067087,140.42479447450995
193,25,70.55576910567821,1.496472000998546,134.04440897764496
484,38,109.42134964104898,1.3133481399971663,386.7336795541705
135,12,39.51241319156467,2.406040042357798,88.48493131593403
234,23,118.94477439001182,1.5450794334641065,143.05661224371633
334,42,69.89457786992564,0.9382349589398769,216.5276405923754
269,22,34.30477383546949,1.4179269587545973,257.7568300754922
118,21,33.42196634137094,2.3387748091453453,81.14145264596868
96,27,97.15865317336548,0.8521909426611893,33.87310954926401
143,31,89.31319807833127,0.9279140773764738,54.62829774828754
287,6,102.19175023148287,0.5260591355141675,187.89679118812643
495,27,39.483078055752536,0.5283800987915344,345.3049093249057
253,40,33.201378033199354,2.158783253917025,211.343219257186
449,34,75.77213605028206,1.9642452136859117,347.15717405705135
267,12,64.88357083344926,1.2100821129039165,191.21429001513258
481,45,71.57522430038603,1.8966223144551455,331.2485347459544
390,7,119.24295679832466,1.2904118526199404,289.9147240351979
88,10,117.36749619036031,2.4057935919956552,16.12628220502615
149,45,114.80838507058735,2.43410536285207,174.0945513395485
338,17,100.54584090909064,1.2855875516186868,263.0147392987338
303,26,61.93572242312014,2.208443812681736,243.91691490363826
271,21,67.09178372364944,2.046178083394932,163.03229663405386
406,28,79.4654439347032,1.1199998743435786,329.50873142935023
72,46,104.74810107643559,0.9640796578022119,46.48509420592303
299,2,36.1841549266441,1.4164693007856677,182.80328752681456
59,43,68.18671972963993,2.0626976812288125,47.93729975235684
295,1,37.43558971133418,2.4203355694574906,206.71614368438836
374,36,76.31918279161604,2.027158137733145,236.9612048711076
149,26,110.90107416056118,2.21041397003674,85.70745380028895
339,29,100.4236432107544,1.706128612341033,216.10953533131325
229,21,50.5058175788799,2.1708156616842516,136.12237962632344
272,11,117.83917646389132,2.068841716006835,185.85246369600685
443,40,90.06153582417855,1.2539710838525602,276.9962212602278
299,11,30.938492945766278,1.6039806042414422,191.28588875508228
196,36,52.98721362166975,2.1095062439793897,174.90887244481053
491,49,53.46419699279249,0.5921134683799127,376.0020990861841
145,39,36.232887565727395,2.11615856471166,75.82107507973932
306,40,116.38438662683362,0.8557762480980469,252.80815566257357
374,35,73.04297651183313,1.529367234242878,210.03543911322237
53,34,110.62331376346938,2.116550879111875,119.01132289249364
65,47,58.99939531001655,1.0076421563133897,92.20974763738427
329,24,41.27102133895444,0.991614878612306,218.02117444667513
385,22,72.69024989155925,1.3055287969245037,286.8725857864775
296,5,40.256097124288544,2.289285595155269,167.7996892926983
307,33,73.74139526797859,0.5008855628744158,223.72539773931706
433,36,112.8267463097467,2.30276619328387,306.9465846500775
209,47,76.86913276507914,0.8076140492832156,129.84093565894622
389,20,85.4849754205575,2.480172752134964,264.64153281885876
201,19,44.097459327642746,2.4096939860769364,127.91573339140318
445,35,33.936206329197255,1.4893503791825666,282.81917625588994
227,43,39.972716596182636,1.5254404956252563,139.5304904776905
212,17,83.86784181159291,1.4630986805517086,111.11121424461582
429,45,38.551052909307415,1.7708872913190452,332.53601997684984
82,43,63.839360094718025,0.6814434044698621,36.96265778127133
466,34,79.50827464123404,0.565235896683133,296.94304937979126
494,9,64.97875187668623,0.6154058568317977,375.2248482811557
228,26,44.731542131877134,1.3887306984830288,175.59462427169794
476,2,54.64121767626959,1.0510958784389668,360.3196473562042
150,9,113.54857795637193,1.7440791247419876,139.14712957995533
317,9,90.83840480277198,2.4848845787495577,285.5898113772288
372,40,74.64430548118979,1.2726463461529318,263.5146545905716
114,17,31.144340098820418,1.6476825082090267,39.41137076048626
466,1,119.31738604405231,1.331207791814671,340.46356371465714
217,25,90.4309441405179,2.1945433354437185,138.96113568740353
379,43,58.523022961045044,2.304472806924476,243.9162162889323
92,40,109.13417939980543,2.25471122441052,76.96719969772802
93,42,53.258845826263624,2.448744477358515,98.0579615054688
334,25,78.96149212644764,0.5550383702808306,215.19598127694792
446,39,87.24636873568426,2.1796323242910622,358.80294267295034
61,35,49.89570343083556,2.0035443460781863,19.106543618761204
144,3,118.05575509205363,0.9573888188007296,99.73356055577881
351,37,97.33727153810977,2.412640186775055,265.97673203967025
435,44,80.2031902959963,0.7963558564598909,301.313001047101
302,44,46.25351383577708,1.8590998542678168,164.92556051634614
291,30,34.84723862982235,0.949780433631825,236.31207570683685
84,38,58.80538492688851,1.3627612975481493,46.90447710054101
264,34,97.78686023220625,1.9383197938891379,215.53321248311553
386,12,54.239816847182254,1.6266492840660933,236.26899925573252
139,19,78.56005984459546,1.3550036626562234,70.39265571247024
313,37,95.51524590576689,1.1526768618639744,253.50639842504222
142,44,39.71493431818179,2.1793193114175806,116.10995546374066
459,49,91.6768214504286,0.7876287006296274,317.66565118701254
139,17,38.268379893904026,1.3602057530596001,111.63237722747331
467,10,116.86167679142969,2.307515143550284,305.2372855304182
164,49,73.95547170584456,2.1916991009199354,126.81513206500551
154,47,43.56084969388897,1.3018835249460934,118.59975436264371
440,12,60.814527243019185,2.0262167272026166,301.1285890427802
245,16,67.20748043657353,2.1463216614177183,151.5091189371768
363,24,98.23665099688836,2.2777748480072595,263.6331786386886
163,19,96.90814074689484,1.589011538098456,119.27542331522271
124,8,85.07464548035979,0.9089217721094236,77.9245159950352
462,31,39.533764130264366,1.0106181530078633,297.51278500874116
425,21,43.64124344289063,1.0913893480832084,302.21094311961275
469,17,38.4381228581001,1.687604961619231,318.1066154458877
266,23,81.9455504958795,0.5656192482572169,161.58582987409883
326,37,108.94245973602635,1.7720849375599366,238.74162155642264
298,16,69.04204610292946,1.228708476856464,261.96270189065086
213,6,44.47633565619716,1.0904836049792843,140.97351098584647
443,8,80.22380926340703,2.2589931414562527,359.9574363575038
406,25,103.05769951791389,1.4200047911615978,355.3538366573566
457,18,96.7540855361637,0.6901060910653856,297.9696425100312
241,25,109.33057017075193,2.153493536052494,177.04552943130915
276,12,55.011188752398105,0.5952825148730132,260.2922810978528
226,15,47.45584805409973,1.9534984483363933,158.53806848285046
148,26,109.18348373477448,2.0478124435413303,112.86592918187777
85,41,89.18042815002207,1.2052052118577163,18.019117436847225
145,45,57.98360370067988,2.1495757125555732,93.05680196107174
201,26,96.81132455152583,1.5313188117129068,164.88479270823004
200,47,103.36065460323312,1.4265873065455936,222.81784138402642
239,32,85.34804163070191,0.5908065629373851,168.91673740553122
273,10,91.90956988919237,1.0800583872978118,146.87069174628388
86,16,63.773391399839966,2.3620199417705994,22.949294843881262
317,7,78.48261006087353,1.283647926567,225.5146223212231
418,17,77.1743253653546,1.5934010411135366,333.5545902618909
232,23,106.32430120176947,1.5640433579685036,189.21502771424875
62,26,105.59675822539643,1.6808621796453866,65.17155692555588
328,21,104.9412422412339,0.6226619112865652,276.2525268151539
266,22,30.99284528362192,1.2243525095974566,168.40398726409242
404,7,97.45909360219994,1.9462565477651084,289.04310910622513
410,14,98.28087510999043,0.9011205021459658,277.7476361745349
335,15,91.05409405696277,0.9071567550927209,232.45439047704053
322,7,98.06381921023073,0.5201812133780495,200.84111939141587
418,9,105.77733343470379,1.3749638532164195,288.5383327213821
111,48,72.3287148691607,2.265468761346844,85.3982421941634
133,8,75.18451921396024,0.603801887174618,86.54527105921022
417,23,41.224265122025145,0.8822374189920053,291.47348003663683
266,29,64.68382947426257,1.1201690766855101,204.541416230663
391,18,87.90286619206059,1.9634494731284258,317.1541888551914
446,31,100.2359798532547,1.781271185605173,359.735538595321
236,30,49.54881879220895,1.33188780916371,193.5866883519784
68,39,42.40406092433119,2.018137878516751,15.921665586992916
226,35,89.6737804050443,1.7192620233138038,155.4573525543223
149,18,30.169189517241957,2.292081599314438,99.49451263444976
445,42,46.05353258765969,2.136053498277386,298.39498438063987
494,39,32.616424230955836,1.0056272121784011,361.6516379430448
282,17,45.01966060693839,1.0428771552684004,153.57327208966657
452,14,46.31873519329547,0.7507129515847712,370.9604664930928
125,31,64.89062352753548,1.173929451434913,129.75984779459995
314,24,66.20944122179003,2.4990878374381884,239.98149431001414
333,35,108.6836223549214,1.311502337230122,240.23647633700205
255,44,75.90987412489426,0.9409768693782128,223.60772140189022
272,45,95.10642890510576,2.0249657689511062,220.43871783711083
433,34,39.37236221282587,1.5849420069253122,341.74699873753025
101,3,50.28948799173244,0.7992028990539051,71.7828720767441
388,37,93.2649096880809,1.2613793623217315,333.70570702844515
416,43,34.752356442167525,1.3289394310786866,332.31070106435806
193,40,73.79378960193779,2.0076594011384374,158.17616131323174
422,26,83.94320690966404,0.5413427377838089,339.903415095307
118,23,84.1931079647233,1.038039293596621,76.58669910789682
148,44,32.06395301412378,1.535192602631044,74.65494650042695
445,39,58.98972038062669,1.0376934849056867,328.04788608470085
74,15,87.28415859442387,1.7568680948379978,56.03933796005902
485,49,43.40997625343191,1.4637349585492332,340.7121652922702
428,4,92.5874083495248,1.2234205097191613,341.17990262344426
102,29,97.13326879323071,2.3984172537410244,84.2907606986675
200,22,118.37722714015308,1.7643189983729148,156.1141495129908
193,25,48.88577953707684,0.7598827445358824,130.27070635145776
106,13,104.26176008995037,1.620183394886791,107.22779135262762
88,18,76.82669192267886,2.0614637064018018,88.40068122069161
158,33,63.611633652975605,1.9169793949855947,143.38622095922685
230,16,41.013908159266016,0.8441784585905188,149.77498533180747
91,45,96.19550458387839,2.444839998080207,112.25467103050775
235,42,51.22718392293184,1.397627291493212,226.4942932737124
472,44,63.427980168574116,0.8180500074805226,363.27345342854386
447,2,35.628800420763156,0.8603915082562958,290.64581097912225
272,35,102.12302242375671,0.696469984378161,174.9749060933207
171,42,98.99296715744791,2.1070362168698686,117.69369150092325
182,34,96.02542470380813,0.7440609886436973,118.70715786406693
212,30,56.949915944269804,0.7502505142834939,152.1522295523097
264,13,45.613206683936156,2.200943229521675,207.4639814867083
270,13,87.37979380232068,1.1892081688951193,203.42702332105625
284,18,74.65497457018975,0.5617158086161449,210.42950621052893
380,32,46.042722021417745,0.6037905990368218,264.29624313701834
195,32,91.73201439448773,0.7843408934077911,142.11043994945825
288,35,119.20137886391733,0.9267866959513791,235.0036735038635
125,39,97.2497628967834,1.8302923884768107,35.99526193926859
58,46,96.59877480170506,0.8146525600036565,49.72895911372349
123,29,115.52814776375325,0.737748782354144,103.45292267512512
491,49,48.264273081741194,2.029438282952558,374.6221776246535
450,29,80.89949684292964,1.8421105677198288,291.73570219201775
302,44,118.1682043530495,1.3706484429104724,189.88965216620443
279,16,44.87646998731571,1.598619542960208,216.7424043228578
56,44,93.02267635000689,1.123968040652837,-8.826234988174498
223,47,82.72291313747118,1.4650008404707213,204.97506902172066
190,10,82.78311829698363,1.5133452979654916,145.01258292453176
217,30,92.79035647680676,1.2744745423561918,206.36487793626122
219,25,113.66552305881157,2.3131444213443255,128.9867620769224
442,39,100.43237458662041,0.5321237299620123,305.25744085428187
483,20,35.0522493074589,2.064342526182492,269.7197797838754
332,5,106.74552178881402,0.7487656624826486,214.40402148270655
171,1,50.29871969331593,2.095094721074399,116.90428429906312
243,30,63.92227482627348,1.7318238313534424,117.50147753262823
54,49,71.5559532251144,2.1865561818728048,34.54832110439738
78,3,73.28154006777626,0.6950286512817949,-1.0213768698544357
214,45,69.16623593298212,1.617961268199548,150.11540431271632
471,14,114.3617964794278,1.5021757605243942,371.3065564252447
388,30,93.54171068976221,1.9123863659267173,278.3233123493607
185,4,86.80535813610356,1.5685811037873516,184.06491814034862
414,18,34.48578250046474,1.5814691342662084,316.9921394835748
370,37,111.35219972343373,1.3591918871521294,308.7800050387384
391,25,111.84511728075566,1.1176688480146817,258.89978208009
194,48,100.21917570870922,1.4645287225043844,122.00993636978262
376,1,30.632628343225726,0.7369847175368012,275.23688314459923
266,46,35.1552225969861,2.4230266779661696,145.34784971476182
350,15,50.27013320416408,1.9288215272531966,263.24426022943356
181,9,41.821446733041604,2.404934233375694,120.09372455191297
341,15,65.89524267333564,0.9534547646599265,283.4423399982995
119,49,113.03607522790107,2.2586820403530563,114.35010548579503
301,24,72.48543907772984,2.117579969127077,249.73134386254665
464,4,31.206236378894904,1.8543048249153473,304.226844618339
324,12,55.44711206208858,1.7500583721704115,262.3061665845647
494,37,34.01354175356654,1.13309933053574,394.59870688513354
413,37,33.265886035215196,2.1328215699300612,293.408520678847
231,43,54.814786778599704,1.5030309229594676,146.63537230408332
216,6,54.80511048110509,0.6417831517825707,132.91872864461206
140,39,100.84139423414436,1.12572632171026,144.16874578827168
251,46,117.73511875030007,2.3705941970906554,266.83565792006885
395,24,63.40863845009984,2.2013605212096925,252.7311478433088
68,11,68.59981909749348,2.463811396153078,20.49758002340552
88,13,106.03104926574193,1.7559867652081962,95.93177722178186
175,34,54.132511808596206,0.9950201462808239,106.0389707167445
222,25,44.07436239631032,0.8256300993537276,190.69566115163127
190,7,106.77806610632854,0.8738288812169233,153.04297995517663
291,4,34.1850527796059,0.5395913166945088,205.1169131298761
269,8,85.7729496179474,1.2813642219718784,206.6908617276466
175,20,80.5793562720126,0.882855360999085,139.9790616562524
107,29,61.13284027515248,1.3233109209134049,75.53461262621802
197,45,58.36705689876231,2.3699888636775306,92.74602133896713
366,46,99.46719535634591,1.36108041901438,271.20093564643906
432,10,37.778214968629186,2.2559689939696694,352.5935201800548
410,43,51.31058783802469,1.711009533231753,245.68801997242713
472,34,95.92038586542807,0.9942631093227838,309.67218184456914
50,26,79.34885253537817,1.2117095185184228,54.43283734567515
436,41,41.51893876802278,0.6678390716428588,312.56709477395174
397,49,109.39220528538542,1.166925187192021,300.6634213111575
239,3,65.41030619072325,1.855081891007068,149.98372316925665
240,6,104.50815377899555,0.6442221858588704,208.7313673960119
418,5,100.89417139749378,0.9108028169560587,299.5972656814287
458,5,86.19829018245552,1.262882082826623,346.3826242835558
361,47,74.50330181655838,2.464099074031925,270.8566923736624
466,23,118.15957563435812,2.0697236459177604,339.7763140028436
471,49,43.04685651418353,1.9669734929842078,355.65570121120226
166,9,95.26401547960033,0.732381913050892,127.49445848864107
183,35,47.20716313183101,2.061991787229983,98.3574869030877
107,20,60.44367947991135,2.0705376230320303,112.6464156266261
93,49,57.782886903587574,1.7022053912486566,97.51807320218732
222,42,115.23323889648508,2.4807235639967438,102.28018638228977
209,35,117.06205600094476,1.150507811849104,136.08461964436935
222,18,46.47138998112544,2.3825448964837035,190.91351061866467
366,17,31.983164426775378,2.329462229913007,204.80777493849936
352,24,94.80072356968017,0.5229613194987557,281.8731907014813
198,3,67.61909404834358,1.400233052949622,138.11429028543714
129,32,37.995622057880794,2.4542084661031467,135.7309686362189
423,35,91.53786950193383,0.7062427248161516,304.17780193907356
262,38,79.05949754346298,1.595569388766639,169.57071355674265
252,13,118.24651398009954,2.457915014082208,192.9777912724833
301,47,50.4668546275241,1.6109908482117203,217.09232758848717
278,25,66.35800886938935,0.879630605944312,176.13634794954623
213,9,78.82912230558807,1.6643664601851795,220.57497892863023
276,4,101.25299896080165,0.9088811478990937,169.57514855790558
196,14,79.39547910480528,1.5394085257889685,75.35808312973589
69,37,85.16101447757543,0.648084435824696,103.74142398931478
490,34,50.353234643094666,1.7109653384288093,331.4963058295983
451,11,106.22268552797038,1.5335798782563164,313.28461544134046
96,41,68.57674922734282,1.9803227375229262,64.09067165937225
282,3,42.686366476959236,1.76140094231757,182.83284534621404
354,28,89.77691230548757,1.5992125370615133,232.18303210422408
63,29,49.448140786677676,1.8795576984962423,19.661865849349752
192,9,38.78062592153698,0.7878838271444617,139.22121833857102
464,3,107.5788217563845,1.6907193225172081,318.50385032367603
50,25,71.41460380395958,0.8442212056455554,63.023806960498646
422,34,97.43553414261987,2.351044415703762,318.2701504764008
103,12,56.15288038257196,0.6366682096912084,48.31411162385103
423,42,100.82731214258997,1.3607494993815865,308.6650413642692
308,9,40.07423343193773,1.8915949553108897,206.0631416957218
193,15,62.03760364153675,1.4160444233365175,110.02286912423367
490,40,118.02556361761756,0.6841905064658047,373.6184348216581
61,25,101.45907447312055,1.6067580322534147,46.713533246017754
379,5,74.75303372832194,1.783263817654709,257.40031427218446
273,11,60.57997244056966,1.9075846219810153,169.65736076042916
321,34,108.4922130020229,1.2465196289255178,202.74883379934724
407,24,79.03629831760641,1.6273199420575244,350.99622163041954
457,15,98.25825160822,1.4013729498778262,336.4065407168047
205,38,97.86969122845477,1.8441120775045068,119.55181904921345
422,8,31.615111071164264,1.667113934649637,306.5000881999751
57,5,41.36284045133521,1.5515124391182697,74.4062029483888
171,48,89.3666429755268,0.9990487336764973,134.04381296136143
397,26,44.54578301572843,0.5040370354964678,323.97313126655496
213,18,52.99440101900442,0.8481633506228585,107.30773395638234
139,6,115.19741587796464,0.7341320828483373,43.95691597663433
185,37,80.41640325374206,1.3981694900218935,145.10625129280078
235,48,97.56565562994125,1.7245163015236893,182.55939289778973
365,13,80.21826649043759,0.9261700173696163,160.67221647776302
227,28,79.72622533044526,2.3781141919343742,147.09793424005852
77,5,38.47367191131281,0.5133642584477756,26.089482376984375
269,13,60.92968733481928,2.0446020303306858,150.9903272471628
406,17,55.418780881786056,1.7504095390608845,258.427206582748
90,40,65.16555290522518,1.2471096020953638,88.19426717334682
277,45,101.85097694018954,0.6009778888248158,173.00044710275947
241,32,63.47394011251784,1.7549731435685587,145.66778162534905
460,29,70.65271373085145,1.271227025731296,279.93203777209874
496,3,65.76432514367849,2.3725342788264383,388.9741322466
194,40,38.4067174777766,1.5839801497795318,154.8385058454968
250,34,69.69649424257054,2.3793030225870164,107.23310377617085
466,40,47.604834574006354,0.9409673869466082,303.16008772135206
261,27,46.80509661957373,1.9514518207282066,203.69336395386284
269,13,38.46324939908397,1.7344980416974514,230.0516638415242
289,45,62.10038767275883,1.9788164596626237,235.22912298762077
462,33,98.17336963104756,0.9293357279450736,320.98464796021307
446,6,54.879752152505645,1.8299890324755475,257.69418123545796
95,24,58.11141916969622,1.496080786113738,97.98784481512982
84,19,87.84071919051812,1.9856499498126325,56.284412917401404
302,16,47.6256731328227,1.1540892883036356,217.5048485595084
439,40,110.72621373811809,2.2801140509305053,311.62770324319746
131,28,76.8171470926399,0.6686026292227008,57.70840249880507
420,33,70.28426462881953,2.114378637582376,311.84743853000975
305,48,80.20381727362812,2.2226392516301816,229.21509375966633
246,41,44.94308820745759,2.134504622733642,165.8802143540656
352,13,85.21258247752587,1.525452788523552,266.17007575917705
458,43,62.67906629706094,1.3767699600615226,286.88280539015693
499,45,110.74677068681571,2.492524573049754,351.3918814864999
59,25,45.19687860099175,0.9583439024283242,46.89158531324466
361,42,75.63459934788969,1.5937519317520892,208.71358859993023
335,36,83.83013664321162,1.841351050764651,240.67067605961716
291,27,33.00452416077431,1.901735271722864,230.1546673720637
300,38,62.732381228052624,0.9080493314771574,207.88509380669046
414,7,95.93717112307495,1.8079881846796024,294.3638108899573
54,5,103.8339756704076,2.1367391329626746,60.46885691719352
168,43,58.18457953355541,0.6000371536422244,113.20522756837168
338,45,101.87339451444761,2.323042586650633,237.37589986872624
423,31,117.098028939305,0.5590081102904119,269.7817464165057
114,23,107.11865424675847,1.2119420649767887,87.06842649596379
195,42,40.58795893433927,0.5316263924659241,132.7105247581968
273,10,96.57572988769866,0.6542903370791637,211.93419486283855
288,32,58.77001491964903,2.322336570360158,224.7584161999976
226,43,118.9574390470869,1.2097216614922957,192.2446292058154
316,30,73.68230848438984,1.3495430608501058,212.70378205040808
390,39,41.019050852304694,0.9306887627651053,213.70005441203
331,31,95.26669932246517,1.6941915403734396,261.89723693708515
112,18,59.071007854759245,1.6896064293555793,96.17165963712802
266,36,119.73703413734955,1.2444007836504385,176.79032360546728
391,2,118.18042120690697,1.1660697436107967,296.515530534546
364,14,89.05206162185226,2.2699286163611756,217.30840543642339
332,13,41.68438040565458,1.2665684792844027,266.7547538303552
226,29,91.81748979075262,1.4870019843088165,155.75648803493158
466,12,38.37274378140245,1.0666095248498613,304.5041392751657
147,39,32.642774319215306,2.0735390067142547,89.88476897912984
154,2,104.06626015993375,1.2948963137981833,106.32350824368022
148,32,48.87776529153132,1.527222093088649,108.95988717024711
434,13,64.11244135971876,1.0067143401193228,309.80436619697406
454,46,117.61116509785559,2.475319184682504,315.51610089538315
360,27,60.3156451674993,1.0829914818474458,263.77711903631166
55,49,56.68408031549838,2.0414850618111036,46.58465649886849
246,41,112.63871996604976,1.3549913007135184,162.57249569610616
400,17,39.96736007870623,0.9124348101682798,259.79827101180575
182,40,98.36241691031687,2.099437527929722,154.6740590087574
407,31,118.92590099874965,1.1672135780580863,309.7344368087775
308,34,111.11664096971839,2.230386694795622,226.38144203806357
486,24,88.65011268357833,2.330514369835646,374.87489533237675
72,45,58.265471549345875,2.219647670782552,-0.9155737240226145
102,35,52.8889783060485,0.5700158296136113,60.641110461582
214,48,103.73295943843151,2.074746690010211,125.20087193638278
251,6,109.18397225565258,1.3226789329982878,249.51350051356803
132,19,77.28914212911235,2.24744584036445,119.67342401035343
194,30,51.99059467078195,1.7759085253694775,139.11646565005927
134,7,40.16488875700562,2.167286268287917,120.16632611664937
127,10,37.84615210486481,1.4988635397336707,125.35552069488337
415,41,94.71697026184701,1.5700510091978657,332.5833018092744
50,32,67.81068550629524,0.7887752642673345,69.28107759153873
100,34,111.48238868500833,2.0679747173787106,71.20130847165751
222,28,96.57041706540873,1.3387792233339433,148.05449722991858
254,15,47.2134376123128,1.5001602365431652,152.8700044930222
309,30,85.23996769341292,2.070195428191415,238.7389261579504
495,37,69.19549089583434,1.697690800158878,348.97658702493624
498,29,81.95247576917518,0.9021974548853349,343.08860274568707
418,22,96.42622110046655,1.6804653183017855,285.58549346910434
337,4,102.55762929034117,1.3152657159593115,284.9994236693557
83,20,105.93635937660518,1.4390510840877253,94.04918290828478
397,32,52.85773871148223,0.5566225488053356,338.6825337468593
144,36,32.800403992562195,0.9200586990325632,121.95651213134299
121,4,96.53652616482958,1.0620761627620565,91.68856332402652
88,27,39.570935363019714,1.9259200157176115,65.61276924658912
203,17,58.34276297516709,0.5229849465962306,116.13424097824398
299,12,30.343542071191244,1.317554522458264,174.24048507714042
211,22,91.3502534161458,2.3480537408514657,169.8051460146361
487,17,45.04188103240991,0.7237612330982477,316.8479207987777
167,10,88.97541687224924,1.532848776437222,128.7691458984514
308,1,119.2568355451055,2.0730447647816943,255.2304945083507
428,22,36.540378444901464,2.3850626150402334,283.78265406207015
355,26,36.93702107563146,1.993553279067436,313.3609777554822
317,18,60.63420834000074,1.9411310972888123,197.1079133435415
498,14,107.97478628262078,2.1529761803915246,385.2122308178459
103,47,49.39768819121987,1.3924024419550873,92.08218996562961
285,29,62.43400379373128,2.111689065235666,241.45014214133286
438,12,36.16548659642816,0.5159288094909023,276.14814242950524
271,36,98.68397621330004,2.3491221107536098,267.562282424811
300,35,66.74757084835059,1.3866130190343506,211.54345667988207
362,12,98.33238597547586,1.6067603757314952,279.8963954965388
450,7,111.32470599121156,1.0097644978297646,364.651348192847
161,29,50.94868323911599,1.9850616656808429,100.10682522038337
304,11,102.66564273059562,0.6532716129504976,243.83773660559262
352,33,35.31845010704279,2.2452716050936705,228.434096728962
456,6,110.89626493622227,2.1562336580126855,367.36147234344696
256,47,88.56916928028727,0.9321202324895328,165.5696425387768
278,15,108.68040517245164,2.1186487965705245,202.7951621733239
390,32,30.01695596009237,2.072715466122963,286.98810460166953
447,11,45.217296332039325,1.764433195507898,339.8780795680558
115,23,65.07834486838428,1.247040353799375,145.17055851390552
124,26,64.15526130372467,1.0429975083637357,79.10084325216971
484,34,50.40573446311596,0.9635671805787,378.93050831039284
152,46,64.345074588048,1.1372179255272143,173.38186808470286
471,34,41.596384080022936,2.3071168868650607,340.26717587429187
241,29,67.14850163394235,0.6552815519775625,158.48620665568725
301,4,102.21188962433378,2.1577425525059173,164.41746942578322
275,17,73.1163056793016,1.1977801500836471,254.4139773138011
343,35,31.620008005069348,1.5431987920227164,237.92483044212366
355,13,67.92996374213226,2.0889712672969813,223.2601917735549
147,41,32.445751448175976,2.268753094045943,67.98582270081819
387,39,116.96190696361184,1.189562840145294,250.61114777848658
335,15,41.470856348058206,1.4236869625502206,265.7358859623453
384,29,93.69194936975569,1.3290321296335845,308.1871049052115
396,29,117.54986906028772,0.5265020670078211,305.56747470003086
484,11,104.34351464999146,1.0918857777173132,349.1419048419864
496,32,92.93838376135832,1.4183784674651236,317.75222042640104
357,2,105.55148185506903,1.3221872177608796,233.54545507658003
298,47,118.36188239345648,1.943858455031359,186.11670472198608
215,14,85.92100475281767,1.2696072344422065,173.44416076515094
384,20,80.32663261463938,1.4787528979413405,242.99089490977786
79,22,86.54142994169533,1.3592171842647267,40.46764902469023
296,11,77.94082980853995,1.981252297788741,206.79148681536122
155,27,87.15801953187469,2.2259447979739253,65.57519362360202
100,3,70.48579871753033,1.5637781580150283,75.30562176900266
130,17,49.65988645949764,2.0788643883903823,92.0723511113283
